,,,xxxx xxxx xxxxx xxPCS BOM  ,,,122,,
,,,,,,,,
,,,,,,,,
,,,,,,,,
Item #,*Designator,*Qty,Manufacturer,*Mfg Part #,Description / Value,*Package/Footprint ,Type,Your Instructions / Notes
1,BUCK_REG1,1,Texas Instruments,LM25085AMY/NOPB,Buck Converter,8-HVSSOP,SMD,
2,C1,1,Samsung Electro-Mechanics,CL10A106MQ8NNNC,10uF Capacitor,0603,SMD,
3,"C2-C6, C10, C12, C14, C27, C28, C31, C32, C41, C42",14,Samsung Electro-Mechanics,CL05B104KP5NNNC,100nF Capacitor,0402,SMD,
4,C7,1,Samsung Electro-Mechanics,CL05B103KB5NNNC,10nF Capacitor,0402,SMD,
5,"C8, C9, C11, C13, C29, C30, C33, C34",8,Samsung Electro-Mechanics,CL05A104KA5NNNC,1uF Capacitor,0402,SMD,
6,C15,1,Samsung Electro-Mechanics,CL10A105KB8NNNC,1uF Capacitor,0603,SMD,
7,"C16, C17",2,Samsung Electro-Mechanics,CL31A106MBHNNNE,10uF Capacitor,1206,SMD,
8,"C18, C22",2,Taiyo Yuden,EMK316BBJ476ML-T,47uF Capacitor,1206,SMD,
9,C19,1,Samsung Electro-Mechanics,CL31A476MPHNNNE,1nF Capacitor,0603,SMD,
10,C20,1,KYOCERA AVX,KAM15AR71C563KT,56nF Capacitor,0603,SMD,
11,C21,1,KYOCERA AVX,KGM15AR71H562KM,5.6nF Capacitor,0603,SMD,
12,C23-C26,4,Samsung Electro-Mechanics,CL21A226MQQNNNE,22uF Capacitor,0805,SMD,
13,C35-C40,6,Samsung Electro-Mechanics,CL31B104KBCNNNC,100nF Capacitor,1206,SMD,
14,D1,1,Diodes Incorporated,SDT30B100D1-13,DIODE SCHOTTKY 100V 30A TO252-3,TO-252-3,SMD,
15,"D2, D3, D4",3,Lite-On Inc.,LTST-C193KRKT-5A,Red LED,0603,SMD,
16,"D5, D7, D9, D11, D13, D15",6,Lite-On Inc.,LTST-C193KGKT-5A,Green LED,0603,SMD,
17,"D6, D8, D10, D12, D14, D16",6,Lite-On Inc.,LTST-C193KSKT-5A,Yellow LED,0603,SMD,
18,"D17, D18, D19",3,Lite-On Inc.,LTST-C193TBKT-5A,Blue LED,0603,SMD,
19,FB1,1,Murata Electronics,BLM18KG121TN1D,120 Ohms @ 100MHz Ferrite Bead,0603,SMD,
20,"J1, J2",2,Würth Elektronik,61300211121,CONN HEADER VERT 2POS 2.54MM,1x2_P2.54mm,THT,
21,J3,1,Sullins Connector Solutions,GRPB052VWVN-RC,CONN HEADER VERT 10POS 1.27MM,2x5_P1.27mm,THT,
22,"J4, J5",2,JST Sales America Inc.,S3B-PH-SM4-TB,CONN HEADER SMD R/A 3POS 2MM,1x03-1MP_P2.00mm_Horizontal,SMD,
23,J6-J13,8,AMASS,XT30PW-M,XT30 Connector,1x02_P2.50mm_Horizontal,THT,
24,"J14, J15, J16",3,JST Sales America Inc.,S7B-PH-K-S,CONN HEADER R/A 7POS 2MM,1x07_P2.00mm_Horizontal,THT,
25,L1,1,Bourns Inc.,SRP1265A-220M,22uH Inductor,Non-Standard,SMD,
26,Q1,1,Diodes Incorporated,DMPH6023SK3-13,P-Channel Mosfet,TO-252-3,SMD,
27,"R1, R2, R3, R14",4,Samsung Electro-Mechanics,RC1005F103CS,10k Resistor,0402,SMD,
28,R4,1,Panasonic Electronic Components,ERJ-8CWFR010V,10m Resistor,1206,SMD,
29,R5,1,Bourns Inc.,CR1206-FX-3321ELF,3.32k Resistor,1206,SMD,
30,R6,1,YAGEO,RC0603FR-07487KL,487k Resistor,0603,SMD,
31,R7,1,YAGEO,RC0603FR-0734K8L,34.8k Resistor,0603,SMD,
32,R8,1,TE Connectivity Passive Product,CRGH0603J10K,10k Resistor,0603,SMD,
33,"R9, R10",2,YAGEO,RC0402FR-071KL,1k Resistor,0402,SMD,
34,"R11, R12, R15, R16, R25, R26",6,Stackpole Electronics Inc,CSSH0805FTL500,500u Resistor,0805,SMD,
35,"R13, R29, R30, R31",4,YAGEO,RC0402FR-072K2L,2.2k Resistor,0402,SMD,
36,R17 - R23,7,Stackpole Electronics Inc,RMCF0603JT2K20,2.2k Resistor,0603,SMD,
37,R24,1,Vishay Dale,CRCW0603806RFKEAC,806 Ohm Resistor,0603,SMD,
38,"R27, R28",2,YAGEO,RC0402FR-074K7L,4.7k Resistor,0402,SMD,
39,U1,1,STMicroelectronics,STM32G431CBT7,Microcontroller,LQFP-48_7x7mm_P0.5mm,SMD,
40,"U2, U3",2,Texas Instruments,DRV8906QPWPRQ1,Motor Driver,24-HTSSOP,SMD,
41,U4,1,onsemi,NCP1117ST50T3G,5V Regulator,SOT-223,SMD,
42,U5,1,UMW,AMS1117-3.3,3.3V Regulator,SOT-223-3_TabPin3,SMD,
43,U6,1,Texas Instruments,TCAN1057AEVDRQ1,FDCAN Transiever,SOIC-8_3.9x4.9mm_P1.27mm,SMD,
44,"U7, U8, U9",3,Texas Instruments,INA2180A1IDGKR,Current Sensor,8-VSSOP,SMD,
45,U13,1,Microchip Technology,MCP9700T-E/TT,Temp Sensor,SOT-23-3,SMD,
,,,,,,,,
,,,,,,,,
,,,,,,,,
,,,,,,,,
,,,,,,,,
,,,,,,,,
,,,,,,,,
,,,,,,,,
,,,,,,,,
,,,,,,,,
,,,,,,,,
,,,,,,,,
,,,,,,,,
,,,,,,,,
,,,,,,,,
,,,,,,,,
,,,,,,,,
,,,,,,,,
,,,,,,,,
