Ref,Val,Package,PosX,PosY,Rot,Side
"BUCK_REG1","LM25085AMY/NOPB","HVSSOP-8-1EP_3x3mm_P0.65mm_EP1.57x1.89mm",168.750000,-138.315000,180.000000,top
"C1","10u","C_0603_1608Metric",202.775000,-131.400000,180.000000,top
"C2","100n","C_0402_1005Metric",199.950000,-131.600000,180.000000,top
"C3","100n","C_0402_1005Metric",191.800000,-116.600000,90.000000,top
"C4","100n","C_0402_1005Metric",202.150000,-130.000000,180.000000,top
"C5","100n","C_0402_1005Metric",190.950000,-128.600000,90.000000,top
"C6","100n","C_0402_1005Metric",192.950000,-120.400000,90.000000,top
"C7","10n","C_0402_1005Metric",193.000000,-116.600000,90.000000,top
"C8","1u","C_0402_1005Metric",194.950000,-119.000000,90.000000,top
"C9","1u","C_0402_1005Metric",196.700000,-119.400000,0.000000,top
"C10","100n","C_0402_1005Metric",181.000000,-138.600000,180.000000,top
"C11","1u","C_0402_1005Metric",177.775001,-109.575001,90.000000,top
"C12","100n","C_0402_1005Metric",178.975001,-109.575001,90.000000,top
"C13","1u","C_0402_1005Metric",202.400000,-111.100000,-90.000000,top
"C14","100n","C_0402_1005Metric",201.200000,-111.100000,-90.000000,top
"C15","1u","C_0603_1608Metric",171.400000,-145.400000,90.000000,top
"C16","10u","C_1206_3216Metric",167.940000,-144.245000,0.000000,top
"C17","10u","C_1206_3216Metric",167.940000,-141.645000,0.000000,top
"C18","47u","C_1206_3216Metric",164.140000,-140.570000,90.000000,top
"C19","1n","C_0603_1608Metric",177.600000,-139.800000,90.000000,top
"C20","56n","C_0603_1608Metric",174.000000,-132.200000,180.000000,top
"C21","5n6","C_0603_1608Metric",173.000000,-134.600000,90.000000,top
"C22","47u","C_1206_3216Metric",179.400000,-133.800000,-90.000000,top
"C23","22u","C_0805_2012Metric",158.800000,-116.050000,180.000000,top
"C24","22u","C_0805_2012Metric",153.400000,-107.650000,-90.000000,top
"C25","22u","C_0805_2012Metric",169.100000,-116.050000,180.000000,top
"C26","22u","C_0805_2012Metric",163.900000,-107.450000,-90.000000,top
"C27","100n","C_0402_1005Metric",149.200000,-115.500000,180.000000,top
"C28","100n","C_0402_1005Metric",149.100000,-106.400000,180.000000,top
"C29","1u","C_0402_1005Metric",189.000000,-105.700000,0.000000,top
"C30","1u","C_0402_1005Metric",191.200000,-105.700000,180.000000,top
"C31","100n","C_0402_1005Metric",190.650000,-107.400000,90.000000,top
"C32","100n","C_0402_1005Metric",191.000000,-113.400000,-90.000000,top
"C33","1u","C_0402_1005Metric",188.600000,-115.050000,180.000000,top
"C34","1u","C_0402_1005Metric",190.700000,-115.050000,0.000000,top
"C35","100n","C_1206_3216Metric",152.500000,-99.437500,180.000000,top
"C36","100n","C_1206_3216Metric",168.425000,-99.437500,180.000000,top
"C37","100n","C_1206_3216Metric",183.900000,-99.437500,180.000000,top
"C38","100n","C_1206_3216Metric",206.000000,-116.900000,90.000000,top
"C39","100n","C_1206_3216Metric",199.500000,-99.237500,180.000000,top
"C40","100n","C_1206_3216Metric",206.100000,-101.600000,90.000000,top
"C41","100n","C_0402_1005Metric",189.550000,-107.400000,90.000000,top
"C42","100n","C_0402_1005Metric",189.200000,-113.400000,-90.000000,top
"D1","SDT30B100D1-13","TO-252-2",156.185000,-133.925000,180.000000,top
"D2","RED","LED_0603_1608Metric",182.000000,-125.067500,90.000000,top
"D3","RED","LED_0603_1608Metric",183.800000,-125.067500,90.000000,top
"D4","RED","LED_0603_1608Metric",180.200000,-125.067500,90.000000,top
"D5","GREEN","LED_0603_1608Metric",154.400000,-102.637500,90.000000,top
"D6","YELLOW","LED_0603_1608Metric",152.400000,-102.637500,-90.000000,top
"D7","GREEN","LED_0603_1608Metric",171.825000,-99.825000,90.000000,top
"D8","YELLOW","LED_0603_1608Metric",173.625000,-99.825000,-90.000000,top
"D9","GREEN","LED_0603_1608Metric",180.500000,-99.837500,90.000000,top
"D10","YELLOW","LED_0603_1608Metric",178.800000,-99.837500,-90.000000,top
"D11","GREEN","LED_0603_1608Metric",205.700000,-120.050000,0.000000,top
"D12","YELLOW","LED_0603_1608Metric",205.700000,-121.750000,180.000000,top
"D13","GREEN","LED_0603_1608Metric",198.768750,-102.212500,90.000000,top
"D14","YELLOW","LED_0603_1608Metric",200.668750,-102.212500,-90.000000,top
"D15","GREEN","LED_0603_1608Metric",209.987500,-85.800000,0.000000,top
"D16","YELLOW","LED_0603_1608Metric",209.987500,-87.800000,180.000000,top
"D17","BLUE","LED_0603_1608Metric",211.200000,-131.600000,90.000000,top
"D18","BLUE","LED_0603_1608Metric",213.210000,-131.600000,90.000000,top
"D19","BLUE","LED_0603_1608Metric",186.800000,-127.200000,90.000000,top
"FB1","120R","L_0603_1608Metric",191.987500,-118.353750,180.000000,top
"J1","Conn_01x02_Pin","PinHeader_1x02_P2.54mm_Horizontal",177.475000,-143.225000,-90.000000,top
"J2","Conn_01x02_Pin","PinHeader_1x02_P2.54mm_Vertical",205.275000,-136.200000,-90.000000,top
"J3","Conn_ARM_JTAG_SWD_10","PinHeader_2x05_P1.27mm_Vertical",182.560000,-135.025000,90.000000,top
"J4","Conn_01x03_Socket","JST_PH_S3B-PH-SM4-TB_1x03-1MP_P2.00mm_Horizontal",139.650000,-97.527500,-90.000000,top
"J5","Conn_01x03_Socket","JST_PH_S3B-PH-SM4-TB_1x03-1MP_P2.00mm_Horizontal",139.650000,-109.527500,-90.000000,top
"J6","Conn_01x02_Socket","AMASS_XT30PW-M_1x02_P2.50mm_Horizontal",148.000000,-137.350000,90.000000,top
"J7","Conn_01x02_Socket","AMASS_XT30PW-M_1x02_P2.50mm_Horizontal",148.000000,-122.000000,90.000000,top
"J8","Conn_01x02_Socket","AMASS_XT30PW-M_1x02_P2.50mm_Horizontal",155.500000,-95.512500,0.000000,top
"J9","Conn_01x02_Socket","AMASS_XT30PW-M_1x02_P2.50mm_Horizontal",170.850000,-95.512500,0.000000,top
"J10","Conn_01x02_Socket","AMASS_XT30PW-M_1x02_P2.50mm_Horizontal",186.200000,-95.512500,0.000000,top
"J11","Conn_01x02_Socket","AMASS_XT30PW-M_1x02_P2.50mm_Horizontal",209.925000,-116.900000,-90.000000,top
"J12","Conn_01x02_Socket","AMASS_XT30PW-M_1x02_P2.50mm_Horizontal",201.600000,-95.437500,0.000000,top
"J13","Conn_01x02_Socket","AMASS_XT30PW-M_1x02_P2.50mm_Horizontal",209.900000,-102.000000,-90.000000,top
"J14","Conn_01x07_Socket","JST_PH_S7B-PH-K_1x07_P2.00mm_Horizontal",182.600000,-141.050000,0.000000,top
"J15","Conn_01x07_Socket","JST_PH_S7B-PH-K_1x07_P2.00mm_Horizontal",199.800000,-141.050000,0.000000,top
"J16","Conn_01x07_Socket","JST_PH_S7B-PH-K_1x07_P2.00mm_Horizontal",216.800000,-136.300000,90.000000,top
"J18","Conn_02x10_Odd_Even","PinSocket_2x10_P2.54mm_Horizontal",143.625000,-117.840000,0.000000,top
"L1","22u","IND_A-4R7M",170.600000,-124.200000,180.000000,top
"Q1","DMPH6023SK3-13","TO-252-2",156.185000,-126.442500,180.000000,top
"R1","10k","R_0402_1005Metric",200.000000,-133.600000,0.000000,top
"R2","10k","R_0402_1005Metric",181.175001,-115.575001,0.000000,top
"R3","10k","R_0402_1005Metric",198.000000,-105.200000,0.000000,top
"R4","10m","R_1206_3216Metric",161.340000,-140.585000,90.000000,top
"R5","3.32k","R_1206_3216Metric",174.400000,-140.000000,0.000000,top
"R6","487k","R_0603_1608Metric",179.200000,-138.800000,-90.000000,top
"R7","34.8k","R_0603_1608Metric",164.800000,-131.800000,180.000000,top
"R8","10k","R_0603_1608Metric",174.800000,-134.600000,-90.000000,top
"R9","2.2k","R_0402_1005Metric",182.000000,-128.255000,-90.000000,top
"R10","2.2k","R_0402_1005Metric",183.800000,-128.255000,-90.000000,top
"R11","500u","R_0805_2012Metric",164.900000,-99.837500,90.000000,top
"R12","500u","R_0805_2012Metric",156.100000,-99.800000,90.000000,top
"R13","2.2k","R_0402_1005Metric",189.800000,-103.400000,90.000000,top
"R14","10k","R_0402_1005Metric",188.400000,-103.400000,-90.000000,top
"R15","500u","R_0805_2012Metric",196.000000,-99.837500,90.000000,top
"R16","500u","R_0805_2012Metric",205.550000,-113.550000,0.000000,top
"R17","2.2k","R_0402_1005Metric",180.200000,-128.455000,-90.000000,top
"R18","2.2k","R_0402_1005Metric",150.400000,-102.637500,90.000000,top
"R19","2.2k","R_0402_1005Metric",175.425000,-99.825000,90.000000,top
"R20","2.2k","R_0402_1005Metric",177.100000,-99.837500,90.000000,top
"R21","2.2k","R_0402_1005Metric",203.900000,-117.700000,90.000000,top
"R22","2.2k","R_0402_1005Metric",202.568750,-102.212500,90.000000,top
"R23","2.2k","R_0402_1005Metric",209.987500,-89.800000,0.000000,top
"R24","806","R_0603_1608Metric",177.400000,-134.400000,90.000000,top
"R25","500u","R_0805_2012Metric",187.300000,-99.800000,90.000000,top
"R26","500u","R_0805_2012Metric",205.800000,-105.000000,0.000000,top
"R27","4.7k","R_0402_1005Metric",197.400000,-133.400000,90.000000,top
"R28","4.7k","R_0402_1005Metric",194.600000,-132.600000,0.000000,top
"R29","2.2k","R_0402_1005Metric",211.200000,-134.400000,90.000000,top
"R30","2.2k","R_0402_1005Metric",213.200000,-134.400000,90.000000,top
"R31","2.2k","R_0402_1005Metric",188.400000,-127.800000,-90.000000,top
"U1","STM32G431CBT6","LQFP-48_7x7mm_P0.5mm",197.000000,-125.537500,180.000000,top
"U2","DRV8906QPWPRQ1","HTSSOP24_PWP_TEX",184.622251,-110.400000,0.000000,top
"U3","DRV8906QPWPRQ1","HTSSOP24_PWP_TEX",195.527751,-110.399999,180.000000,top
"U4","NCP1117ST50T3G","SOT-223-3_TabPin2",158.600000,-110.250000,90.000000,top
"U5","AMS1117-3.3","SOT-223-3_TabPin2",169.000000,-110.150000,90.000000,top
"U6","TCAN1057AEV-Q1","SOIC-8_3.9x4.9mm_P1.27mm",149.200000,-111.000000,90.000000,top
"U7","INA2180A1IDGKR","VSSOP-8_3x3mm_P0.65mm",160.500000,-99.837500,180.000000,top
"U8","INA2180A1IDGKR","VSSOP-8_3x3mm_P0.65mm",191.612500,-99.812500,180.000000,top
"U9","INA2180A1IDGKR","VSSOP-8_3x3mm_P0.65mm",205.500000,-109.300000,90.000000,top
"U13","LM35-D","SOIC-8_3.9x4.9mm_P1.27mm",155.600000,-120.000000,0.000000,top
