Designator,Footprint,Quantity,Value,LCSC Part #
"C1, C2",0805,2,22u,
"C10, C11, C12, C13, C17, C27, C28, C9",0402,8,100n,
C14,0402,1,10n,
"C15, C16",0402,2,1u,
"C18, C19, C20, C21, C22, C23, C24, C25, C26, C29, C3, C30, C31, C32, C33, C34, C6, C7",0402,18,100nF,
C4,1210,1,47uF,
C5,1206,1,4.7uF,
C8,0603,1,10u,
"D1, D2",0603,2,RED,
"D17, D18",0603,2,BLUE,
D3,D_SMA,1,SS34,
FB1,0603,1,120R,
J1,PinHeader_1x02_P2.54mm_Horizontal,1,Conn_01x02_Pin,
"J10, J11, J12, J13, J14, J15, J16, J17, J18, J3, J4, J5, J6, J7, J8, J9",JST_S2B-PH-SM4-TB,16,Conn_01x02_Pin,
"J19, J20",JST_PH_S3B-PH-SM4-TB_1x03-1MP_P2.00mm_Horizontal,2,Conn_01x03_Socket,
J2,PinHeader_2x05_P1.27mm_Vertical,1,Conn_ARM_JTAG_SWD_10,
J21,PinHeader_1x02_P2.54mm_Vertical,1,Conn_01x02_Pin,
"J22, J23",AMASS_XT30PW-M_1x02_P2.50mm_Horizontal,2,Conn_01x02_Socket,
J24,PinHeader_1x04_P2.54mm_Horizontal,1,Conn_01x04_Pin,
L1,L_Vishay_IHLP-4040,1,5.6uH,
Q1,SOT-23,1,AO3400A,
"R1, R14, R29, R30",0402,4,2.2k,
"R10, R11, R12, R7, R8",0402,5,5k,
R13,0603,1,19.1k,
"R2, R4, R9",0603,3,100k,
R3,0603,1,30.9k,
R5,0603,1,220,
R6,0402,1,10k,
U1,SOT-223-3_TabPin2,1,AMS1117-3.3,
U2,CONV_LMR51450SDRRR,1,LMR51450SDRRR,
U3,LQFP-48_7x7mm_P0.5mm,1,STM32G431CBT6,
U4,SOP65P490X110-8N,1,TMP275AIDGKR,
U6,SOIC-8_3.9x4.9mm_P1.27mm,1,TCAN1057AEV-Q1,TCAN1057AEVDRQ1
