Designator,Mid X,Mid Y,Rotation,Layer
C1,137.05,-60.7,0.0,top
C10,132.685029,-87.497334,180.0,top
C11,136.52,-84.0,0.0,top
C12,125.02,-85.0,180.0,top
C13,127.48,-75.0,0.0,top
C14,130.52,-73.5,0.0,top
C15,129.48,-75.0,0.0,top
C16,125.5,-76.52,270.0,top
C17,121.667936,-92.611827,180.0,top
C18,127.616428,-55.194875,0.0,bottom
C19,148.922669,-59.884973,90.0,bottom
C2,143.0,-66.7,90.0,top
C20,142.988281,-89.252898,180.0,bottom
C21,142.850536,-89.21459,180.0,top
C22,145.889592,-54.812905,0.0,top
C23,148.841303,-69.190706,90.0,bottom
C24,148.881986,-78.208821,90.0,bottom
C25,136.676705,-54.887493,0.0,top
C26,148.940799,-87.268625,270.0,top
C27,117.547811,-85.247337,180.0,top
C28,117.52,-76.5,180.0,top
C29,148.904137,-68.959707,270.0,top
C3,117.088567,-63.260807,180.0,top
C30,148.904137,-78.045627,270.0,top
C31,136.547547,-54.947514,0.0,bottom
C32,145.919475,-54.858109,0.0,bottom
C33,148.960882,-87.269185,90.0,bottom
C34,148.849893,-60.039357,270.0,top
C4,129.35986,-56.993946,180.0,top
C5,118.077972,-56.728711,0.0,top
C6,118.321863,-58.366643,0.0,top
C7,127.640723,-54.83752,0.0,top
C8,135.5,-86.225,270.0,top
C9,134.0,-85.98,270.0,top
D1,120.0,-71.7125,90.0,top
D17,137.7125,-82.5,180.0,top
D18,137.7125,-80.41,180.0,top
D2,118.0,-71.7125,90.0,top
D3,143.093475,-86.949891,180.0,top
FB1,127.7875,-73.0,180.0,top
J1,122.27,-95.0,270.0,top
J10,151.695613,-87.117352,270.0,top
J11,151.713937,-87.033968,90.0,bottom
J12,151.625,-59.955125,270.0,top
J13,151.620188,-69.0,270.0,top
J14,151.640529,-78.011334,270.0,top
J15,151.640529,-78.011334,90.0,bottom
J16,151.640529,-69.011334,90.0,bottom
J17,151.640529,-59.911334,90.0,bottom
J18,143.0,-92.0,180.0,bottom
J19,105.5,-80.5,90.0,top
J2,126.46,-90.365,90.0,top
J20,105.65,-92.5,90.0,top
J21,146.224908,-73.194638,0.0,top
J22,108.7,-67.5,90.0,top
J23,108.7,-53.0,90.0,top
J24,131.81,-95.0,270.0,top
J3,143.0,-92.0,180.0,top
J4,127.596428,-52.069875,0.0,top
J5,136.689129,-52.090217,0.0,top
J6,136.596428,-52.069875,0.0,bottom
J7,127.596428,-52.069875,0.0,bottom
J8,145.715217,-52.069875,0.0,top
J9,145.661699,-52.065371,0.0,bottom
L1,127.5,-64.0,0.0,top
Q1,144.5,-81.9375,90.0,top
R1,120.0,-74.2025,270.0,top
R10,135.709193,-79.586178,90.0,top
R11,122.862073,-78.971454,270.0,top
R12,123.975436,-78.971454,270.0,top
R13,121.913535,-56.315383,180.0,top
R14,117.972139,-74.197633,270.0,top
R2,119.562313,-63.584864,0.0,top
R29,140.51,-82.5,180.0,top
R3,120.373975,-61.305089,270.0,top
R30,140.51,-80.51,180.0,top
R4,144.46074,-79.182111,180.0,top
R5,139.675,-78.5,0.0,top
R6,147.0,-77.414638,270.0,top
R7,132.695029,-88.497334,0.0,top
R8,133.168959,-90.136994,90.0,top
R9,121.935404,-57.836492,0.0,top
U1,138.0,-66.35,90.0,top
U2,117.791305,-60.814908,90.0,top
U3,130.0,-81.0,90.0,top
U4,140.0,-74.0,0.0,top
U6,117.5,-81.0,0.0,top
